{"cameraMode":{"drawMode":0,"name":"Shaded","section":"Shading Mode"},"sceneLighting":true,"audioPlay":false,"sceneViewState":{"showFog":true,"showMaterialUpdate":false,"showSkybox":true,"showFlares":true,"showImageEffects":true,"showParticleSystems":true},"in2DMode":false,"pivot":{"x":327.3446960449219,"y":240.15505981445313,"z":152.78466796875},"rotation":{"x":-0.08570435643196106,"y":0.0035837760660797359,"z":-0.0003086268261540681,"w":-0.9963153600692749},"size":901.09423828125,"orthographic":false}